customer_id,customer_age,customer_region,customer_tenure_months,order_id,order_value,items_quantity,discount_value,payment_installments,delivery_time_days,delivery_delay_days,freight_value,delivery_attempts,customer_service_contacts,resolution_time_days,nps_score,repeat_purchase_30d,complaints_count,csat_internal_score,had_delivery_delay,had_customer_service_contact,had_complaint,inconsistency_reason
1,63,Nordeste,14,50001,139.73,4,39.35,4,2,2,55.53,3,0,4,6.9,0,3,6.5,1,0,1,atraso_maior_que_tempo_entrega
6,35,Sudeste,75,50006,568.76,6,36.58,3,4,5,41.82,2,2,3,0.9,0,5,1.5,1,1,1,atraso_maior_que_tempo_entrega
7,37,Sudeste,68,50007,41.29,3,99.62,6,8,3,35.83,3,3,4,1.4,0,6,0.6,1,1,1,desconto_maior_que_pedido
19,43,Sul,86,50019,383.98,3,33.61,11,3,4,25.24,2,2,3,3.4,0,4,2.0,1,1,1,atraso_maior_que_tempo_entrega
22,54,Centro-Oeste,68,50022,480.03,3,14.53,1,4,4,47.91,1,3,8,0.0,0,5,0.0,1,1,1,atraso_maior_que_tempo_entrega
24,34,Nordeste,119,50024,489.49,6,8.44,3,3,3,24.72,2,2,2,3.3,0,4,3.2,1,1,1,atraso_maior_que_tempo_entrega
42,48,Centro-Oeste,15,50042,117.97,2,28.35,5,2,3,28.02,2,2,11,1.8,0,6,0.0,1,1,1,atraso_maior_que_tempo_entrega
47,58,Sudeste,33,50047,461.42,3,27.91,3,4,6,45.25,2,1,0,2.3,0,5,2.5,1,1,1,atraso_maior_que_tempo_entrega
55,40,Norte,95,50055,398.94,2,5.22,7,2,2,67.63,3,0,1,5.8,0,3,6.9,1,0,1,atraso_maior_que_tempo_entrega
58,54,Sul,101,50058,86.15,2,112.42,11,10,3,36.23,3,1,0,8.4,1,2,5.5,1,1,1,desconto_maior_que_pedido
59,33,Sul,108,50059,385.42,5,13.86,2,2,3,52.49,2,3,2,3.1,0,5,3.0,1,1,1,atraso_maior_que_tempo_entrega
62,62,Norte,81,50062,42.28,1,39.12,9,3,4,47.8,3,1,11,0.0,0,5,0.0,1,1,1,atraso_maior_que_tempo_entrega
65,63,Norte,64,50065,522.84,2,76.14,3,3,3,19.72,1,3,7,3.2,0,6,0.0,1,1,1,atraso_maior_que_tempo_entrega
66,69,Nordeste,53,50066,198.64,2,24.32,5,3,3,57.25,2,3,5,3.9,0,8,0.2,1,1,1,atraso_maior_que_tempo_entrega
72,29,Sudeste,80,50072,212.03,1,66.52,6,2,6,42.64,1,1,3,0.0,0,4,0.8,1,1,1,atraso_maior_que_tempo_entrega
90,67,Sudeste,51,50090,739.57,4,30.17,11,2,2,10.35,2,2,1,4.9,0,5,4.7,1,1,1,atraso_maior_que_tempo_entrega
98,59,Sul,94,50098,411.69,4,67.98,4,4,4,27.55,2,2,8,1.6,0,5,0.0,1,1,1,atraso_maior_que_tempo_entrega
114,56,Nordeste,36,50114,645.84,1,73.53,6,3,4,45.49,2,4,10,0.3,0,7,0.0,1,1,1,atraso_maior_que_tempo_entrega
115,35,Centro-Oeste,71,50115,96.54,3,28.25,2,2,2,56.28,1,2,3,2.4,0,5,4.5,1,1,1,atraso_maior_que_tempo_entrega
117,28,Centro-Oeste,38,50117,60.96,2,95.06,4,9,0,30.19,2,0,7,7.8,0,1,5.2,0,0,1,desconto_maior_que_pedido
128,64,Nordeste,83,50128,648.2,3,23.63,6,2,2,32.87,1,3,2,6.0,0,4,4.2,1,1,1,atraso_maior_que_tempo_entrega
144,19,Sudeste,16,50144,1054.32,6,6.6,9,2,2,32.39,3,5,2,4.1,0,7,2.5,1,1,1,atraso_maior_que_tempo_entrega
145,30,Centro-Oeste,74,50145,718.63,4,19.52,5,4,4,40.7,1,5,1,0.4,0,7,0.3,1,1,1,atraso_maior_que_tempo_entrega
153,31,Sudeste,119,50153,1064.25,2,15.38,1,2,3,26.74,2,0,9,5.5,0,3,1.6,1,0,1,atraso_maior_que_tempo_entrega
157,54,Sudeste,34,50157,348.1,1,26.64,5,4,4,31.63,2,2,10,1.6,0,6,0.0,1,1,1,atraso_maior_que_tempo_entrega
176,67,Sudeste,32,50176,411.16,4,7.72,2,2,2,41.54,2,2,10,1.5,0,5,0.0,1,1,1,atraso_maior_que_tempo_entrega
183,41,Sudeste,104,50183,24.0,6,85.49,10,5,2,29.58,3,0,9,4.0,0,4,1.4,1,0,1,desconto_maior_que_pedido
185,21,Nordeste,51,50185,1317.9,3,71.03,5,3,5,57.79,1,1,2,3.9,0,4,2.6,1,1,1,atraso_maior_que_tempo_entrega
194,20,Sul,106,50194,594.58,2,33.9,11,2,3,15.49,2,2,7,4.1,0,4,1.5,1,1,1,atraso_maior_que_tempo_entrega
199,36,Nordeste,25,50199,557.64,6,3.34,3,2,5,41.44,2,3,5,0.0,0,7,0.0,1,1,1,atraso_maior_que_tempo_entrega
207,46,Sudeste,116,50207,461.97,4,6.07,4,2,3,48.09,2,1,9,3.7,0,4,0.8,1,1,1,atraso_maior_que_tempo_entrega
213,43,Centro-Oeste,75,50213,869.54,4,21.59,8,2,3,57.59,3,0,11,2.8,0,2,0.4,1,0,1,atraso_maior_que_tempo_entrega
221,41,Sul,78,50221,780.75,2,67.15,7,2,3,64.47,2,0,4,5.2,0,3,3.7,1,0,1,atraso_maior_que_tempo_entrega
228,20,Nordeste,95,50228,418.82,1,17.33,7,2,2,47.46,3,3,3,5.8,0,5,2.4,1,1,1,atraso_maior_que_tempo_entrega
237,54,Sul,65,50237,254.25,6,38.4,3,2,2,42.91,2,0,6,7.3,0,2,4.5,1,0,1,atraso_maior_que_tempo_entrega
245,67,Sudeste,117,50245,496.5,5,36.04,9,2,2,26.77,1,0,8,8.8,1,1,2.0,1,0,1,atraso_maior_que_tempo_entrega
250,20,Norte,117,50250,811.98,6,45.07,2,2,2,36.62,1,0,5,5.2,0,5,3.5,1,0,1,atraso_maior_que_tempo_entrega
260,25,Sudeste,28,50260,189.76,3,39.8,4,2,2,27.94,2,1,5,5.6,0,3,3.1,1,1,1,atraso_maior_que_tempo_entrega
269,27,Nordeste,59,50269,1372.36,3,49.19,6,2,4,39.96,3,1,11,4.0,0,4,0.0,1,1,1,atraso_maior_que_tempo_entrega
271,59,Nordeste,80,50271,79.93,2,129.11,6,2,4,27.59,1,1,1,1.1,0,3,4.8,1,1,1,atraso_maior_que_tempo_entrega; desconto_maior_que_pedido
274,58,Norte,11,50274,47.07,1,50.24,3,7,2,32.58,1,1,11,4.4,0,4,0.0,1,1,1,desconto_maior_que_pedido
277,68,Centro-Oeste,30,50277,122.91,4,29.2,8,2,2,44.45,3,2,11,0.5,0,4,0.0,1,1,1,atraso_maior_que_tempo_entrega
278,54,Sudeste,69,50278,214.21,5,9.15,4,4,4,47.49,2,2,7,2.3,0,7,0.0,1,1,1,atraso_maior_que_tempo_entrega
289,41,Sudeste,82,50289,1273.41,3,0.27,4,2,5,17.28,2,0,2,2.7,0,3,3.5,1,0,1,atraso_maior_que_tempo_entrega
298,64,Centro-Oeste,7,50298,59.81,4,64.05,3,9,1,34.68,2,3,5,0.6,0,5,3.7,1,1,1,desconto_maior_que_pedido
308,19,Centro-Oeste,48,50308,143.79,2,35.31,4,2,4,43.31,1,3,0,4.1,0,7,2.7,1,1,1,atraso_maior_que_tempo_entrega
312,57,Sul,118,50312,392.74,5,41.08,2,3,3,55.88,3,1,2,0.0,0,5,3.5,1,1,1,atraso_maior_que_tempo_entrega
313,44,Sudeste,99,50313,787.5,4,3.77,8,2,2,39.53,1,2,9,4.1,0,6,0.8,1,1,1,atraso_maior_que_tempo_entrega
314,57,Sudeste,111,50314,265.48,5,12.86,2,2,4,38.92,3,0,10,2.0,0,4,0.0,1,0,1,atraso_maior_que_tempo_entrega
319,35,Norte,107,50319,27.57,1,44.05,11,14,1,26.09,2,0,3,2.8,0,2,6.6,1,0,1,desconto_maior_que_pedido
349,35,Norte,14,50349,199.86,6,35.78,8,3,4,32.52,3,0,4,4.1,0,3,2.1,1,0,1,atraso_maior_que_tempo_entrega
350,39,Sul,97,50350,22.06,5,41.75,4,8,3,31.92,1,1,7,3.8,0,5,1.3,1,1,1,desconto_maior_que_pedido
355,30,Nordeste,72,50355,486.17,2,83.69,10,5,5,52.08,2,2,1,0.6,0,7,3.3,1,1,1,atraso_maior_que_tempo_entrega
357,37,Nordeste,35,50357,174.4,1,8.98,1,3,3,29.27,2,0,6,2.8,0,2,2.4,1,0,1,atraso_maior_que_tempo_entrega
360,56,Sudeste,52,50360,28.27,3,30.59,4,13,3,37.13,3,0,10,1.9,0,3,0.7,1,0,1,desconto_maior_que_pedido
367,18,Centro-Oeste,70,50367,45.74,3,3.66,10,2,2,44.48,1,2,10,3.1,0,4,0.0,1,1,1,atraso_maior_que_tempo_entrega
372,65,Centro-Oeste,62,50372,755.2,1,3.38,11,2,2,50.84,3,3,2,9.2,1,5,3.8,1,1,1,atraso_maior_que_tempo_entrega
386,24,Nordeste,11,50386,128.93,5,23.99,1,3,3,39.89,2,0,8,4.1,0,2,1.6,1,0,1,atraso_maior_que_tempo_entrega
388,69,Norte,3,50388,197.86,4,30.33,5,3,5,37.07,2,0,8,2.6,0,4,0.0,1,0,1,atraso_maior_que_tempo_entrega
392,58,Sudeste,78,50392,73.27,6,95.71,10,8,4,32.88,2,3,3,1.6,0,6,2.4,1,1,1,desconto_maior_que_pedido
404,45,Norte,37,50404,584.88,4,37.6,10,2,3,50.13,2,1,1,5.7,0,3,4.7,1,1,1,atraso_maior_que_tempo_entrega
407,64,Sul,110,50407,576.64,4,1.5,2,2,7,30.6,2,0,10,0.9,0,2,0.0,1,0,1,atraso_maior_que_tempo_entrega
409,36,Norte,96,50409,912.65,1,6.72,11,4,5,40.62,3,5,0,0.0,0,8,0.0,1,1,1,atraso_maior_que_tempo_entrega
428,25,Sudeste,37,50428,683.67,5,7.12,4,3,3,37.46,1,1,7,2.5,0,7,1.1,1,1,1,atraso_maior_que_tempo_entrega
442,38,Centro-Oeste,66,50442,37.84,2,74.94,9,10,3,37.44,3,5,0,1.3,0,11,2.3,1,1,1,desconto_maior_que_pedido
453,39,Nordeste,27,50453,1246.46,3,50.38,8,2,3,42.95,1,1,10,2.7,0,6,0.0,1,1,1,atraso_maior_que_tempo_entrega
461,61,Sul,67,50461,479.87,3,26.22,2,2,2,39.5,2,1,0,6.3,0,4,6.9,1,1,1,atraso_maior_que_tempo_entrega
481,57,Sudeste,86,50481,252.04,6,20.34,7,4,5,36.92,3,2,6,1.5,0,5,0.0,1,1,1,atraso_maior_que_tempo_entrega
485,47,Nordeste,13,50485,538.64,6,34.79,5,4,4,47.44,3,0,0,4.4,0,2,6.3,1,0,1,atraso_maior_que_tempo_entrega
493,26,Centro-Oeste,82,50493,282.08,3,28.8,8,4,4,35.88,1,2,10,1.9,0,5,0.0,1,1,1,atraso_maior_que_tempo_entrega
498,44,Nordeste,14,50498,493.21,4,75.05,7,2,3,23.87,1,0,3,5.2,0,4,4.2,1,0,1,atraso_maior_que_tempo_entrega
508,38,Norte,73,50508,973.75,6,14.22,10,3,4,22.49,2,1,1,4.7,0,4,3.9,1,1,1,atraso_maior_que_tempo_entrega
510,30,Sul,117,50510,520.24,2,31.98,8,3,3,18.01,3,4,0,4.2,0,10,2.2,1,1,1,atraso_maior_que_tempo_entrega
512,64,Norte,34,50512,340.75,2,17.28,3,2,5,33.78,3,1,3,0.0,0,3,1.3,1,1,1,atraso_maior_que_tempo_entrega
522,69,Sul,112,50522,829.75,3,89.86,4,4,5,44.43,1,2,1,1.9,0,4,1.9,1,1,1,atraso_maior_que_tempo_entrega
527,47,Norte,76,50527,93.2,6,10.29,6,3,3,46.24,2,1,4,4.2,0,3,2.2,1,1,1,atraso_maior_que_tempo_entrega
552,37,Sudeste,49,50552,721.41,6,9.43,7,2,2,63.28,1,1,10,3.4,0,4,1.3,1,1,1,atraso_maior_que_tempo_entrega
586,63,Norte,66,50586,545.98,5,18.22,2,2,2,42.4,3,2,8,6.4,0,3,1.6,1,1,1,atraso_maior_que_tempo_entrega
595,51,Centro-Oeste,53,50595,409.77,6,8.23,3,5,5,43.93,2,1,10,0.2,0,3,0.0,1,1,1,atraso_maior_que_tempo_entrega
614,31,Centro-Oeste,60,50614,366.07,6,14.83,3,3,3,33.67,2,3,10,1.3,0,6,0.0,1,1,1,atraso_maior_que_tempo_entrega
621,39,Sudeste,62,50621,143.57,5,75.76,6,2,2,52.09,2,1,11,2.6,0,4,0.0,1,1,1,atraso_maior_que_tempo_entrega
623,38,Norte,32,50623,584.26,4,197.07,11,3,3,30.05,2,0,0,6.0,0,2,5.9,1,0,1,atraso_maior_que_tempo_entrega
627,44,Norte,3,50627,296.05,5,29.13,11,2,3,36.82,3,1,7,5.6,0,3,1.9,1,1,1,atraso_maior_que_tempo_entrega
651,24,Centro-Oeste,32,50651,479.61,3,40.16,4,5,5,40.34,2,2,2,1.8,0,6,2.4,1,1,1,atraso_maior_que_tempo_entrega
696,39,Sul,44,50696,667.52,3,91.28,6,3,4,27.22,2,0,3,6.5,0,2,3.0,1,0,1,atraso_maior_que_tempo_entrega
698,35,Sudeste,55,50698,116.91,2,44.76,1,2,4,44.52,1,2,1,0.0,0,5,3.8,1,1,1,atraso_maior_que_tempo_entrega
703,54,Sul,86,50703,389.97,2,0.12,5,3,4,29.93,2,3,5,3.5,0,6,0.0,1,1,1,atraso_maior_que_tempo_entrega
706,59,Centro-Oeste,46,50706,241.86,3,149.5,11,3,4,52.68,3,1,9,4.4,0,3,0.0,1,1,1,atraso_maior_que_tempo_entrega
717,35,Norte,108,50717,843.11,5,3.37,3,2,2,48.89,3,2,11,3.2,0,4,0.0,1,1,1,atraso_maior_que_tempo_entrega
718,57,Sul,6,50718,27.01,2,83.21,1,2,0,30.99,1,0,3,5.6,0,1,7.8,0,0,1,desconto_maior_que_pedido
727,45,Norte,55,50727,1072.6,2,2.58,11,2,4,18.52,2,1,7,5.6,0,4,0.5,1,1,1,atraso_maior_que_tempo_entrega
734,25,Nordeste,42,50734,529.51,6,39.41,9,2,3,40.72,3,1,1,4.5,0,4,6.2,1,1,1,atraso_maior_que_tempo_entrega
765,66,Norte,54,50765,1152.0,6,32.08,8,4,4,57.77,3,1,1,2.8,0,4,3.2,1,1,1,atraso_maior_que_tempo_entrega
766,31,Nordeste,98,50766,927.89,4,9.68,3,2,4,53.8,2,0,2,6.2,0,1,4.7,1,0,1,atraso_maior_que_tempo_entrega
784,55,Sul,102,50784,1386.85,5,0.15,11,3,5,45.19,2,1,9,2.7,0,3,0.0,1,1,1,atraso_maior_que_tempo_entrega
799,40,Sul,68,50799,55.54,5,71.45,3,4,2,52.16,2,3,2,3.0,0,5,3.5,1,1,1,desconto_maior_que_pedido
813,47,Nordeste,50,50813,64.11,3,3.31,9,2,2,36.24,3,1,7,6.4,0,4,3.4,1,1,1,atraso_maior_que_tempo_entrega
824,63,Sudeste,32,50824,83.34,2,0.46,7,2,2,48.56,2,2,4,0.9,0,4,2.7,1,1,1,atraso_maior_que_tempo_entrega
828,41,Norte,69,50828,162.27,2,57.98,8,2,2,27.13,3,1,5,6.8,0,3,3.1,1,1,1,atraso_maior_que_tempo_entrega
836,32,Centro-Oeste,17,50836,373.43,2,9.42,5,3,5,39.86,2,1,6,0.0,0,3,0.4,1,1,1,atraso_maior_que_tempo_entrega
856,31,Sul,99,50856,409.38,1,17.45,8,2,3,28.44,1,2,2,2.2,0,6,4.1,1,1,1,atraso_maior_que_tempo_entrega
868,45,Centro-Oeste,20,50868,35.78,5,52.6,5,4,1,17.44,1,2,11,5.0,0,5,0.1,1,1,1,desconto_maior_que_pedido
870,35,Nordeste,30,50870,408.93,6,29.91,4,2,5,25.09,3,1,5,0.0,0,3,0.3,1,1,1,atraso_maior_que_tempo_entrega
878,29,Sul,63,50878,522.65,3,53.95,7,4,5,43.43,1,2,3,2.5,0,5,0.9,1,1,1,atraso_maior_que_tempo_entrega
881,60,Nordeste,117,50881,7.76,4,29.21,1,6,4,25.37,1,3,7,2.5,0,7,0.0,1,1,1,desconto_maior_que_pedido
884,39,Centro-Oeste,22,50884,306.9,3,16.22,1,3,3,33.04,2,2,0,4.3,0,4,3.7,1,1,1,atraso_maior_que_tempo_entrega
896,42,Sul,101,50896,42.09,6,48.13,5,2,2,33.29,2,1,2,2.8,0,4,5.7,1,1,1,atraso_maior_que_tempo_entrega; desconto_maior_que_pedido
901,60,Centro-Oeste,55,50901,341.01,3,16.72,4,3,3,49.54,1,0,7,4.9,0,4,3.0,1,0,1,atraso_maior_que_tempo_entrega
903,67,Sudeste,119,50903,149.3,1,63.46,4,3,3,36.7,1,2,7,2.4,0,4,0.0,1,1,1,atraso_maior_que_tempo_entrega
909,41,Nordeste,71,50909,12.13,1,35.19,8,4,4,29.34,1,1,9,3.4,0,4,0.0,1,1,1,atraso_maior_que_tempo_entrega; desconto_maior_que_pedido
910,37,Centro-Oeste,18,50910,483.13,5,40.22,7,2,3,38.02,3,2,0,3.8,0,5,4.4,1,1,1,atraso_maior_que_tempo_entrega
912,41,Sudeste,116,50912,233.15,6,12.3,5,2,4,37.59,2,1,0,4.5,0,4,4.0,1,1,1,atraso_maior_que_tempo_entrega
919,18,Norte,23,50919,232.63,6,6.27,2,3,3,52.6,1,3,4,2.4,0,6,0.7,1,1,1,atraso_maior_que_tempo_entrega
926,43,Nordeste,19,50926,1197.2,5,36.42,10,2,3,31.84,2,4,1,3.9,0,7,1.7,1,1,1,atraso_maior_que_tempo_entrega
929,19,Sul,83,50929,122.65,3,13.89,4,2,2,29.02,2,2,7,4.9,0,7,1.6,1,1,1,atraso_maior_que_tempo_entrega
934,47,Nordeste,16,50934,302.88,4,72.49,5,2,6,39.62,3,1,6,0.0,0,3,0.0,1,1,1,atraso_maior_que_tempo_entrega
944,52,Nordeste,5,50944,243.15,4,14.69,9,3,3,49.71,2,1,1,3.8,0,4,5.4,1,1,1,atraso_maior_que_tempo_entrega
948,69,Sudeste,76,50948,97.74,5,115.67,11,8,1,42.13,1,0,3,8.0,1,3,7.1,1,0,1,desconto_maior_que_pedido
984,38,Nordeste,72,50984,213.31,4,45.78,4,3,3,51.85,2,2,0,3.6,0,4,4.2,1,1,1,atraso_maior_que_tempo_entrega
1010,59,Centro-Oeste,117,51010,155.44,5,39.09,11,3,5,43.63,3,0,5,1.9,0,4,1.6,1,0,1,atraso_maior_que_tempo_entrega
1020,59,Nordeste,35,51020,23.06,6,52.52,9,6,2,16.46,1,3,5,6.2,0,5,1.4,1,1,1,desconto_maior_que_pedido
1038,20,Sudeste,3,51038,80.05,5,25.79,9,2,4,36.66,3,1,8,1.8,0,5,0.0,1,1,1,atraso_maior_que_tempo_entrega
1042,32,Centro-Oeste,104,51042,347.61,5,4.42,2,2,4,23.83,1,2,3,4.2,0,7,2.8,1,1,1,atraso_maior_que_tempo_entrega
1046,54,Centro-Oeste,7,51046,160.92,1,14.39,11,5,7,51.92,3,1,5,0.0,0,5,0.0,1,1,1,atraso_maior_que_tempo_entrega
1051,22,Nordeste,115,51051,328.88,4,24.7,5,2,2,25.37,2,1,8,5.6,0,3,2.4,1,1,1,atraso_maior_que_tempo_entrega
1057,43,Norte,34,51057,665.48,3,44.01,2,3,4,36.6,1,2,4,0.0,0,4,1.4,1,1,1,atraso_maior_que_tempo_entrega
1082,27,Sudeste,85,51082,1136.38,1,70.64,10,2,4,17.23,1,1,2,5.4,0,6,3.9,1,1,1,atraso_maior_que_tempo_entrega
1087,66,Sul,23,51087,526.92,4,1.39,10,2,2,41.45,3,1,6,0.0,0,4,4.2,1,1,1,atraso_maior_que_tempo_entrega
1093,48,Nordeste,104,51093,540.3,3,42.27,11,2,3,40.85,3,3,11,0.0,0,7,0.0,1,1,1,atraso_maior_que_tempo_entrega
1097,27,Nordeste,48,51097,112.19,1,119.93,3,5,2,18.1,2,1,6,8.5,1,2,3.4,1,1,1,desconto_maior_que_pedido
1106,52,Sudeste,116,51106,110.48,2,30.15,5,2,2,19.39,1,2,4,6.6,0,5,2.8,1,1,1,atraso_maior_que_tempo_entrega
1112,53,Norte,103,51112,839.25,2,56.7,1,3,4,31.87,1,2,11,1.6,0,4,0.0,1,1,1,atraso_maior_que_tempo_entrega
1118,45,Norte,9,51118,220.56,4,21.78,2,2,2,42.22,2,0,3,5.1,0,2,5.6,1,0,1,atraso_maior_que_tempo_entrega
1129,61,Sudeste,55,51129,816.09,3,14.98,11,3,3,49.61,2,3,5,2.5,0,5,0.3,1,1,1,atraso_maior_que_tempo_entrega
1137,22,Sul,103,51137,72.67,3,20.24,5,2,2,43.21,2,3,0,4.5,0,7,4.0,1,1,1,atraso_maior_que_tempo_entrega
1141,26,Centro-Oeste,117,51141,649.44,3,4.71,7,2,2,42.08,1,1,11,5.3,0,3,0.0,1,1,1,atraso_maior_que_tempo_entrega
1173,50,Sul,8,51173,124.93,3,26.82,6,5,5,60.23,1,2,2,0.2,0,5,1.8,1,1,1,atraso_maior_que_tempo_entrega
1175,57,Nordeste,98,51175,378.26,2,22.81,6,3,4,44.84,2,1,11,0.0,0,3,0.0,1,1,1,atraso_maior_que_tempo_entrega
1180,61,Nordeste,84,51180,83.92,4,14.2,8,4,4,40.02,2,1,11,0.8,0,5,0.0,1,1,1,atraso_maior_que_tempo_entrega
1190,34,Norte,66,51190,407.43,3,3.62,4,2,2,46.36,1,5,9,0.4,0,7,0.0,1,1,1,atraso_maior_que_tempo_entrega
1191,34,Norte,95,51191,172.0,4,14.71,10,2,4,24.84,2,2,4,3.7,0,4,0.6,1,1,1,atraso_maior_que_tempo_entrega
1200,69,Sudeste,73,51200,483.66,2,20.82,10,3,3,39.08,3,1,7,2.1,0,5,0.7,1,1,1,atraso_maior_que_tempo_entrega
1206,58,Centro-Oeste,86,51206,1276.13,4,87.36,8,3,3,21.05,2,5,10,0.0,0,8,0.0,1,1,1,atraso_maior_que_tempo_entrega
1216,59,Sudeste,9,51216,126.96,5,9.42,5,2,2,36.17,2,1,4,1.9,0,6,3.9,1,1,1,atraso_maior_que_tempo_entrega
1265,39,Sul,73,51265,256.69,5,41.81,11,3,3,27.06,2,0,5,3.6,0,3,3.2,1,0,1,atraso_maior_que_tempo_entrega
1267,62,Sul,49,51267,37.17,5,52.52,6,9,3,26.22,1,1,8,4.3,0,3,0.4,1,1,1,desconto_maior_que_pedido
1269,49,Sul,111,51269,652.4,6,12.79,8,3,5,38.21,1,1,8,0.2,0,5,0.0,1,1,1,atraso_maior_que_tempo_entrega
1287,20,Nordeste,32,51287,424.14,3,0.42,3,2,5,26.43,3,2,0,1.4,0,4,1.8,1,1,1,atraso_maior_que_tempo_entrega
1293,63,Centro-Oeste,118,51293,403.59,1,28.73,11,2,2,46.69,3,0,9,4.5,0,2,2.1,1,0,1,atraso_maior_que_tempo_entrega
1295,20,Centro-Oeste,59,51295,159.86,5,18.96,3,3,4,23.9,3,1,11,0.9,0,4,0.0,1,1,1,atraso_maior_que_tempo_entrega
1316,31,Centro-Oeste,113,51316,73.61,4,29.85,3,3,3,43.21,3,1,2,0.0,0,3,4.3,1,1,1,atraso_maior_que_tempo_entrega
1318,42,Sudeste,119,51318,487.05,1,2.02,6,3,6,33.21,3,2,9,1.2,0,6,0.0,1,1,1,atraso_maior_que_tempo_entrega
1319,36,Norte,66,51319,308.59,6,13.33,5,5,5,41.98,3,0,7,4.6,0,4,0.9,1,0,1,atraso_maior_que_tempo_entrega
1337,20,Centro-Oeste,9,51337,106.28,6,9.72,4,3,6,46.73,1,1,7,0.3,0,5,0.0,1,1,1,atraso_maior_que_tempo_entrega
1340,26,Nordeste,54,51340,443.04,1,4.09,1,3,3,42.22,3,1,2,2.7,0,4,4.1,1,1,1,atraso_maior_que_tempo_entrega
1342,50,Norte,27,51342,452.2,1,7.46,11,3,3,26.1,2,2,0,2.8,0,6,3.7,1,1,1,atraso_maior_que_tempo_entrega
1344,43,Sul,3,51344,499.62,1,43.79,4,3,5,47.72,1,1,5,2.2,0,3,1.2,1,1,1,atraso_maior_que_tempo_entrega
1356,65,Norte,53,51356,438.07,5,20.56,10,2,3,40.28,3,0,6,1.2,0,3,3.3,1,0,1,atraso_maior_que_tempo_entrega
1364,24,Centro-Oeste,35,51364,68.85,1,140.73,9,13,0,43.23,3,0,4,9.8,1,1,7.5,0,0,1,desconto_maior_que_pedido
1368,39,Norte,4,51368,346.08,2,27.88,7,4,6,26.5,3,1,11,1.5,0,3,0.0,1,1,1,atraso_maior_que_tempo_entrega
1381,34,Norte,13,51381,1036.63,6,34.79,6,3,3,45.96,1,0,5,5.2,0,3,3.0,1,0,1,atraso_maior_que_tempo_entrega
1384,39,Sudeste,42,51384,58.0,3,7.64,2,2,2,47.46,2,1,2,3.4,0,4,5.8,1,1,1,atraso_maior_que_tempo_entrega
1390,37,Norte,54,51390,1463.84,5,16.9,7,3,3,26.05,3,2,0,3.4,0,4,4.8,1,1,1,atraso_maior_que_tempo_entrega
1391,29,Norte,108,51391,800.38,5,44.6,2,2,3,45.79,2,3,11,1.0,0,5,0.0,1,1,1,atraso_maior_que_tempo_entrega
1405,65,Nordeste,104,51405,68.2,6,197.6,3,7,1,26.64,3,1,2,8.1,1,2,7.1,1,1,1,desconto_maior_que_pedido
1406,49,Sul,65,51406,194.45,4,72.38,2,3,3,31.22,1,4,10,0.0,0,6,0.0,1,1,1,atraso_maior_que_tempo_entrega
1416,41,Norte,26,51416,560.4,5,18.52,10,2,4,37.7,2,1,9,1.2,0,4,0.0,1,1,1,atraso_maior_que_tempo_entrega
1437,43,Sudeste,33,51437,560.69,4,60.52,6,4,7,70.98,3,2,7,0.2,0,8,0.0,1,1,1,atraso_maior_que_tempo_entrega
1441,53,Centro-Oeste,69,51441,362.46,4,5.46,4,3,5,18.89,3,0,9,3.5,0,3,0.0,1,0,1,atraso_maior_que_tempo_entrega
1447,29,Nordeste,26,51447,493.02,4,11.28,2,3,4,38.63,1,1,2,2.0,0,3,4.5,1,1,1,atraso_maior_que_tempo_entrega
1457,52,Norte,35,51457,250.99,3,1.29,1,4,4,38.52,1,1,10,1.1,0,4,0.0,1,1,1,atraso_maior_que_tempo_entrega
1484,39,Norte,49,51484,387.3,4,10.41,11,4,4,28.6,3,5,8,0.0,0,7,0.0,1,1,1,atraso_maior_que_tempo_entrega
1496,31,Sul,102,51496,136.43,1,16.92,1,2,4,39.46,3,0,8,1.8,0,3,0.5,1,0,1,atraso_maior_que_tempo_entrega
1508,68,Sudeste,33,51508,132.71,2,42.15,3,4,4,45.22,1,2,8,0.1,0,5,0.0,1,1,1,atraso_maior_que_tempo_entrega
1516,42,Nordeste,24,51516,381.68,3,3.5,9,3,4,55.32,3,0,2,3.5,0,3,4.0,1,0,1,atraso_maior_que_tempo_entrega
1525,69,Sul,96,51525,262.47,1,28.2,5,2,2,31.43,2,1,3,6.0,0,3,4.6,1,1,1,atraso_maior_que_tempo_entrega
1530,44,Sudeste,80,51530,404.4,2,12.49,10,5,5,25.46,2,1,10,0.7,0,4,0.0,1,1,1,atraso_maior_que_tempo_entrega
1534,23,Centro-Oeste,110,51534,453.33,5,129.59,8,2,2,42.95,1,2,7,0.0,0,5,1.9,1,1,1,atraso_maior_que_tempo_entrega
1535,60,Sudeste,45,51535,289.33,1,14.56,9,2,3,21.79,2,1,10,1.6,0,4,0.0,1,1,1,atraso_maior_que_tempo_entrega
1541,62,Norte,45,51541,719.25,4,5.28,6,2,2,34.49,1,1,0,8.2,1,4,6.7,1,1,1,atraso_maior_que_tempo_entrega
1550,66,Norte,55,51550,219.74,6,71.01,6,3,4,50.99,2,0,5,2.8,0,3,3.0,1,0,1,atraso_maior_que_tempo_entrega
1554,19,Sudeste,9,51554,606.49,5,39.05,1,2,2,46.72,1,0,8,1.8,0,3,3.1,1,0,1,atraso_maior_que_tempo_entrega
1559,41,Sudeste,80,51559,420.4,4,23.1,7,4,7,19.06,2,1,0,0.0,0,4,1.7,1,1,1,atraso_maior_que_tempo_entrega
1561,68,Sul,60,51561,445.34,4,10.14,11,2,2,35.94,3,3,4,5.8,0,5,3.1,1,1,1,atraso_maior_que_tempo_entrega
1568,28,Nordeste,114,51568,408.58,3,24.81,10,3,3,41.4,3,1,8,3.7,0,3,1.6,1,1,1,atraso_maior_que_tempo_entrega
1588,31,Centro-Oeste,69,51588,430.78,1,0.14,6,4,4,34.31,3,2,0,5.9,0,5,2.8,1,1,1,atraso_maior_que_tempo_entrega
1593,64,Centro-Oeste,42,51593,370.7,6,28.14,6,3,3,58.91,3,1,9,1.5,0,5,0.1,1,1,1,atraso_maior_que_tempo_entrega
1596,23,Sul,86,51596,535.4,4,18.02,11,2,3,48.1,2,3,6,2.5,0,6,0.1,1,1,1,atraso_maior_que_tempo_entrega
1598,50,Norte,118,51598,316.61,4,39.48,5,4,8,36.26,2,2,1,0.0,0,4,0.0,1,1,1,atraso_maior_que_tempo_entrega
1622,51,Norte,63,51622,64.87,4,83.33,9,14,1,38.01,3,1,0,9.9,1,3,7.8,1,1,1,desconto_maior_que_pedido
1631,56,Sudeste,102,51631,257.43,1,13.14,4,2,4,29.74,3,3,0,0.0,0,6,2.3,1,1,1,atraso_maior_que_tempo_entrega
1639,25,Sul,25,51639,346.06,1,30.22,1,4,4,13.34,1,1,3,2.8,0,3,2.7,1,1,1,atraso_maior_que_tempo_entrega
1643,19,Centro-Oeste,47,51643,308.64,4,22.93,4,2,3,47.16,3,3,3,3.2,0,7,2.9,1,1,1,atraso_maior_que_tempo_entrega
1644,29,Sul,1,51644,846.57,2,23.25,9,5,6,37.5,3,3,7,0.0,0,8,0.0,1,1,1,atraso_maior_que_tempo_entrega
1654,21,Centro-Oeste,20,51654,364.59,2,24.54,8,3,7,25.51,3,1,6,0.0,0,3,0.0,1,1,1,atraso_maior_que_tempo_entrega
1659,38,Centro-Oeste,109,51659,501.54,4,43.72,10,2,2,28.64,2,2,5,3.0,0,5,2.5,1,1,1,atraso_maior_que_tempo_entrega
1667,25,Sul,74,51667,203.79,2,53.64,4,2,2,35.86,2,0,5,5.8,0,3,4.5,1,0,1,atraso_maior_que_tempo_entrega
1671,67,Sudeste,107,51671,364.16,4,77.68,8,2,3,61.51,2,2,4,3.1,0,4,2.8,1,1,1,atraso_maior_que_tempo_entrega
1692,52,Centro-Oeste,79,51692,265.26,1,12.38,8,4,4,47.96,2,2,9,1.0,0,5,0.0,1,1,1,atraso_maior_que_tempo_entrega
1694,32,Sul,55,51694,107.37,4,121.72,2,12,1,22.03,3,4,10,3.4,0,8,0.0,1,1,1,desconto_maior_que_pedido
1699,44,Nordeste,33,51699,265.59,6,37.2,10,2,2,43.48,2,4,0,5.9,0,9,3.5,1,1,1,atraso_maior_que_tempo_entrega
1715,54,Nordeste,63,51715,27.48,3,35.83,11,4,2,33.63,2,3,9,1.4,0,8,0.0,1,1,1,desconto_maior_que_pedido
1717,20,Centro-Oeste,39,51717,709.72,2,6.81,11,4,5,38.5,2,2,5,4.9,0,6,0.0,1,1,1,atraso_maior_que_tempo_entrega
1722,29,Nordeste,62,51722,413.37,4,1.38,7,3,3,48.81,3,2,3,2.6,0,4,3.2,1,1,1,atraso_maior_que_tempo_entrega
1730,67,Sudeste,112,51730,89.36,6,18.72,10,2,3,19.86,1,3,10,3.2,0,5,0.0,1,1,1,atraso_maior_que_tempo_entrega
1735,38,Norte,3,51735,126.52,1,27.55,9,2,2,43.38,2,2,4,2.4,0,4,3.5,1,1,1,atraso_maior_que_tempo_entrega
1737,19,Norte,78,51737,654.84,5,11.22,11,2,2,43.85,3,2,7,5.7,0,4,1.8,1,1,1,atraso_maior_que_tempo_entrega
1750,40,Sul,115,51750,262.62,3,8.32,3,4,6,46.55,2,1,0,0.7,0,3,2.3,1,1,1,atraso_maior_que_tempo_entrega
1757,27,Centro-Oeste,10,51757,446.45,3,12.22,1,4,4,19.24,3,2,3,1.1,0,5,2.5,1,1,1,atraso_maior_que_tempo_entrega
1763,47,Sul,115,51763,522.64,6,2.87,2,3,7,45.93,1,2,10,0.0,0,6,0.0,1,1,1,atraso_maior_que_tempo_entrega
1778,69,Nordeste,93,51778,110.52,2,181.97,4,5,2,56.5,3,3,2,2.3,0,5,3.7,1,1,1,desconto_maior_que_pedido
1784,26,Sul,46,51784,512.0,5,34.04,10,2,3,69.43,3,4,8,1.1,0,6,0.0,1,1,1,atraso_maior_que_tempo_entrega
1786,53,Sul,110,51786,1130.84,6,54.85,3,3,3,10.32,3,2,9,2.0,0,6,0.4,1,1,1,atraso_maior_que_tempo_entrega
1789,39,Nordeste,6,51789,220.55,1,25.34,1,5,5,40.3,2,1,8,0.0,0,4,0.0,1,1,1,atraso_maior_que_tempo_entrega
1791,33,Centro-Oeste,2,51791,892.36,3,31.72,11,2,3,35.06,3,1,7,3.9,0,4,1.3,1,1,1,atraso_maior_que_tempo_entrega
1802,61,Sul,34,51802,311.79,4,2.52,5,2,2,47.08,3,2,3,5.9,0,4,4.2,1,1,1,atraso_maior_que_tempo_entrega
1805,36,Centro-Oeste,58,51805,242.06,3,33.33,6,2,6,39.08,3,3,5,0.0,0,5,0.0,1,1,1,atraso_maior_que_tempo_entrega
1812,47,Norte,77,51812,104.16,3,94.87,7,2,2,44.98,2,0,5,4.3,0,4,4.8,1,0,1,atraso_maior_que_tempo_entrega
1814,47,Sudeste,37,51814,245.24,6,12.29,8,3,3,31.88,2,0,8,4.5,0,3,2.5,1,0,1,atraso_maior_que_tempo_entrega
1818,20,Sul,64,51818,616.05,5,12.55,4,4,4,44.19,3,0,0,3.1,0,2,6.0,1,0,1,atraso_maior_que_tempo_entrega
1819,67,Nordeste,37,51819,28.41,3,63.62,10,8,3,26.79,2,1,6,1.5,0,3,1.4,1,1,1,desconto_maior_que_pedido
1841,20,Norte,64,51841,214.06,3,29.29,10,2,4,32.05,2,3,11,0.0,0,7,0.0,1,1,1,atraso_maior_que_tempo_entrega
1849,34,Norte,22,51849,178.84,3,1.27,6,2,2,58.77,2,1,1,5.2,0,3,6.1,1,1,1,atraso_maior_que_tempo_entrega
1855,62,Centro-Oeste,5,51855,330.11,4,9.23,9,3,3,41.56,1,3,10,0.0,0,5,0.0,1,1,1,atraso_maior_que_tempo_entrega
1866,66,Sul,109,51866,448.69,1,23.87,10,2,4,33.67,2,0,6,2.0,0,4,2.5,1,0,1,atraso_maior_que_tempo_entrega
1878,51,Norte,49,51878,51.11,2,59.81,3,10,0,40.03,1,1,9,4.0,0,3,2.6,0,1,1,desconto_maior_que_pedido
1881,56,Sul,38,51881,324.18,5,1.37,3,3,4,42.46,3,2,11,1.8,0,5,0.0,1,1,1,atraso_maior_que_tempo_entrega
1886,53,Norte,55,51886,443.93,2,44.28,3,2,2,27.08,2,2,0,5.6,0,6,5.8,1,1,1,atraso_maior_que_tempo_entrega
1898,49,Nordeste,95,51898,259.39,1,8.78,5,2,5,56.7,3,0,0,3.9,0,4,3.7,1,0,1,atraso_maior_que_tempo_entrega
1901,34,Norte,28,51901,196.84,6,5.52,2,2,4,41.18,1,2,8,2.4,0,4,0.0,1,1,1,atraso_maior_que_tempo_entrega
1916,23,Norte,116,51916,284.14,5,38.98,4,4,4,49.83,2,3,11,0.7,0,6,0.0,1,1,1,atraso_maior_que_tempo_entrega
1919,67,Sudeste,85,51919,305.52,2,13.71,3,2,2,35.97,3,2,0,6.4,0,4,5.7,1,1,1,atraso_maior_que_tempo_entrega
1928,22,Nordeste,20,51928,560.06,5,2.76,5,2,4,16.11,1,1,2,1.0,0,4,2.9,1,1,1,atraso_maior_que_tempo_entrega
1930,58,Norte,11,51930,1396.51,6,16.52,8,3,3,62.57,3,1,7,0.4,0,4,2.1,1,1,1,atraso_maior_que_tempo_entrega
1932,45,Centro-Oeste,98,51932,191.39,1,12.9,4,7,7,59.1,3,1,2,0.3,0,4,1.5,1,1,1,atraso_maior_que_tempo_entrega
1933,20,Nordeste,44,51933,756.14,5,114.99,4,3,4,51.66,3,4,4,2.4,0,7,0.2,1,1,1,atraso_maior_que_tempo_entrega
1938,23,Sul,95,51938,372.87,5,64.61,7,3,5,52.56,1,0,8,0.5,0,2,0.0,1,0,1,atraso_maior_que_tempo_entrega
1941,68,Sul,59,51941,82.45,3,57.8,2,4,4,52.47,2,2,1,2.4,0,6,3.5,1,1,1,atraso_maior_que_tempo_entrega
1949,58,Centro-Oeste,90,51949,777.3,1,20.5,9,5,5,35.0,3,5,6,0.0,0,7,0.0,1,1,1,atraso_maior_que_tempo_entrega
1952,34,Sul,25,51952,397.06,2,46.37,3,4,4,33.63,3,1,8,0.5,0,5,0.1,1,1,1,atraso_maior_que_tempo_entrega
1955,60,Sul,1,51955,723.87,1,69.39,4,2,2,38.7,3,1,8,4.2,0,3,1.0,1,1,1,atraso_maior_que_tempo_entrega
1958,52,Sul,21,51958,764.43,3,4.78,3,3,4,52.18,2,0,0,6.1,0,2,5.5,1,0,1,atraso_maior_que_tempo_entrega
1959,51,Norte,92,51959,244.52,2,6.12,7,2,2,58.48,1,0,6,7.2,0,3,4.7,1,0,1,atraso_maior_que_tempo_entrega
1962,66,Sul,13,51962,162.0,5,20.57,7,2,2,58.27,1,2,4,4.9,0,4,2.6,1,1,1,atraso_maior_que_tempo_entrega
1973,56,Centro-Oeste,63,51973,419.32,3,6.0,8,3,4,43.58,2,0,3,5.5,0,3,2.6,1,0,1,atraso_maior_que_tempo_entrega
1974,41,Centro-Oeste,102,51974,578.71,5,14.87,3,2,2,46.02,1,0,5,6.5,0,2,4.1,1,0,1,atraso_maior_que_tempo_entrega
1989,28,Sul,95,51989,533.7,6,31.85,5,2,3,30.66,2,1,11,2.0,0,3,0.0,1,1,1,atraso_maior_que_tempo_entrega
1990,54,Sul,30,51990,66.57,1,21.54,4,2,4,22.62,2,1,11,1.6,0,4,0.0,1,1,1,atraso_maior_que_tempo_entrega
1995,29,Centro-Oeste,75,51995,245.97,2,29.13,3,5,5,47.44,2,1,7,0.0,0,5,0.0,1,1,1,atraso_maior_que_tempo_entrega
2000,57,Nordeste,20,52000,94.62,4,45.77,1,3,5,36.95,3,1,10,0.0,0,4,0.0,1,1,1,atraso_maior_que_tempo_entrega
2007,68,Sudeste,84,52007,628.69,4,47.48,5,2,4,40.79,1,2,2,2.2,0,5,1.7,1,1,1,atraso_maior_que_tempo_entrega
2034,52,Centro-Oeste,45,52034,339.28,5,13.64,8,3,4,6.13,3,4,6,0.0,0,6,0.0,1,1,1,atraso_maior_que_tempo_entrega
2035,32,Sul,97,52035,217.15,3,22.53,8,2,6,30.65,3,3,3,0.2,0,6,0.0,1,1,1,atraso_maior_que_tempo_entrega
2036,53,Sudeste,68,52036,350.52,1,11.39,4,2,2,48.5,3,3,8,3.3,0,5,0.0,1,1,1,atraso_maior_que_tempo_entrega
2051,42,Nordeste,93,52051,80.39,6,16.11,4,6,6,47.56,1,2,7,0.0,0,5,0.0,1,1,1,atraso_maior_que_tempo_entrega
2057,25,Norte,33,52057,996.42,3,9.6,8,4,4,39.62,2,4,6,0.8,0,8,0.0,1,1,1,atraso_maior_que_tempo_entrega
2062,68,Norte,111,52062,349.57,3,42.01,10,2,2,39.17,2,3,9,0.0,0,7,0.0,1,1,1,atraso_maior_que_tempo_entrega
2073,60,Norte,94,52073,93.21,4,2.75,10,4,5,49.82,1,4,4,0.6,0,6,0.0,1,1,1,atraso_maior_que_tempo_entrega
2077,37,Centro-Oeste,27,52077,636.38,5,5.54,10,2,3,42.42,2,1,1,4.5,0,4,5.1,1,1,1,atraso_maior_que_tempo_entrega
2085,47,Nordeste,28,52085,352.41,2,17.58,6,5,5,21.67,2,3,2,0.9,0,5,0.2,1,1,1,atraso_maior_que_tempo_entrega
2095,24,Nordeste,56,52095,429.21,1,67.98,8,2,2,25.87,1,2,9,4.6,0,5,0.5,1,1,1,atraso_maior_que_tempo_entrega
2100,23,Norte,11,52100,137.54,3,20.85,10,2,3,32.97,1,0,5,4.2,0,2,3.1,1,0,1,atraso_maior_que_tempo_entrega
2108,44,Centro-Oeste,82,52108,323.03,4,15.4,9,3,3,28.96,1,2,4,3.3,0,6,2.1,1,1,1,atraso_maior_que_tempo_entrega
2131,30,Sudeste,114,52131,1248.46,5,59.49,11,4,4,65.58,3,1,10,2.7,0,3,0.0,1,1,1,atraso_maior_que_tempo_entrega
2132,35,Norte,118,52132,537.47,4,0.63,9,2,4,41.58,3,0,6,1.6,0,2,2.2,1,0,1,atraso_maior_que_tempo_entrega
2134,51,Sul,30,52134,666.34,2,43.94,9,2,2,39.84,3,1,4,3.9,0,3,4.5,1,1,1,atraso_maior_que_tempo_entrega
2136,31,Centro-Oeste,116,52136,39.87,2,58.17,7,5,0,30.57,3,0,5,8.7,1,1,5.0,0,0,1,desconto_maior_que_pedido
2140,36,Sudeste,103,52140,477.73,2,22.94,8,3,3,54.52,3,0,3,0.9,0,2,3.6,1,0,1,atraso_maior_que_tempo_entrega
2155,53,Nordeste,2,52155,285.98,4,2.03,10,3,3,36.07,1,2,11,0.5,0,5,0.0,1,1,1,atraso_maior_que_tempo_entrega
2171,43,Nordeste,11,52171,591.83,2,23.01,6,2,2,47.96,1,2,1,3.9,0,4,5.7,1,1,1,atraso_maior_que_tempo_entrega
2196,45,Norte,45,52196,263.29,2,0.29,11,2,2,38.0,2,5,9,3.2,0,7,0.0,1,1,1,atraso_maior_que_tempo_entrega
2207,69,Norte,43,52207,178.55,6,4.1,4,2,3,28.95,1,0,6,3.4,0,2,1.6,1,0,1,atraso_maior_que_tempo_entrega
2210,20,Nordeste,74,52210,278.49,6,26.36,9,2,3,49.74,1,2,2,1.0,0,4,3.6,1,1,1,atraso_maior_que_tempo_entrega
2212,30,Nordeste,88,52212,831.2,1,143.16,11,2,3,35.4,3,4,10,3.1,0,6,0.0,1,1,1,atraso_maior_que_tempo_entrega
2214,67,Norte,104,52214,1113.83,4,16.97,8,2,5,61.78,2,2,8,3.3,0,5,0.0,1,1,1,atraso_maior_que_tempo_entrega
2218,68,Centro-Oeste,35,52218,272.27,2,45.75,1,2,2,44.38,1,0,2,8.4,1,1,6.0,1,0,1,atraso_maior_que_tempo_entrega
2224,39,Sudeste,85,52224,19.28,1,24.08,3,3,6,27.06,3,1,6,2.3,0,5,0.0,1,1,1,atraso_maior_que_tempo_entrega; desconto_maior_que_pedido
2228,59,Sul,34,52228,58.08,1,10.26,3,3,3,43.88,1,1,2,6.4,0,2,4.5,1,1,1,atraso_maior_que_tempo_entrega
2236,42,Sul,68,52236,912.45,5,16.92,10,2,4,42.95,2,2,5,3.4,0,4,0.2,1,1,1,atraso_maior_que_tempo_entrega
2237,59,Nordeste,65,52237,420.19,2,25.33,7,4,4,48.75,2,2,2,3.2,0,6,2.5,1,1,1,atraso_maior_que_tempo_entrega
2239,35,Nordeste,88,52239,604.68,1,9.47,3,3,3,41.71,1,2,9,2.0,0,5,0.0,1,1,1,atraso_maior_que_tempo_entrega
2243,48,Sul,5,52243,33.29,3,41.89,2,12,3,29.92,2,0,2,8.6,1,2,6.1,1,0,1,desconto_maior_que_pedido
2244,31,Centro-Oeste,97,52244,556.18,2,25.01,9,2,5,53.27,2,2,6,0.8,0,6,0.0,1,1,1,atraso_maior_que_tempo_entrega
2246,68,Sul,118,52246,352.41,6,46.65,2,2,2,29.6,1,2,11,5.1,0,4,0.0,1,1,1,atraso_maior_que_tempo_entrega
2265,56,Centro-Oeste,69,52265,341.99,3,6.15,5,3,5,41.34,2,1,4,4.5,0,4,0.2,1,1,1,atraso_maior_que_tempo_entrega
2330,53,Nordeste,88,52330,197.32,5,22.76,6,3,3,29.48,1,0,9,4.8,0,3,1.8,1,0,1,atraso_maior_que_tempo_entrega
2331,63,Centro-Oeste,6,52331,61.75,4,81.68,6,14,1,62.32,3,3,10,1.3,0,5,0.6,1,1,1,desconto_maior_que_pedido
2342,47,Norte,50,52342,457.36,1,34.52,1,2,3,33.89,1,1,2,2.5,0,3,4.8,1,1,1,atraso_maior_que_tempo_entrega
2345,26,Nordeste,44,52345,241.36,6,30.81,4,3,3,27.19,3,0,6,9.2,1,2,2.9,1,0,1,atraso_maior_que_tempo_entrega
2368,56,Centro-Oeste,98,52368,1265.74,6,14.08,9,3,3,43.12,1,1,1,6.7,0,4,5.2,1,1,1,atraso_maior_que_tempo_entrega
2376,39,Sudeste,77,52376,251.73,3,7.03,4,2,2,53.06,3,1,9,5.1,0,3,0.9,1,1,1,atraso_maior_que_tempo_entrega
2389,47,Norte,108,52389,400.25,5,0.08,7,3,3,48.96,2,2,1,6.1,0,4,4.0,1,1,1,atraso_maior_que_tempo_entrega
2390,34,Norte,89,52390,155.97,5,11.39,5,2,3,33.04,1,3,6,0.4,0,6,0.0,1,1,1,atraso_maior_que_tempo_entrega
2421,21,Norte,41,52421,655.66,5,47.57,5,2,2,31.26,3,2,9,7.3,0,3,0.0,1,1,1,atraso_maior_que_tempo_entrega
2427,22,Sul,18,52427,144.01,1,12.94,6,2,2,62.52,3,2,10,4.2,0,4,0.0,1,1,1,atraso_maior_que_tempo_entrega
2429,29,Norte,118,52429,877.54,5,20.54,3,2,3,59.17,1,2,7,2.8,0,5,0.7,1,1,1,atraso_maior_que_tempo_entrega
2457,31,Nordeste,95,52457,30.68,5,99.74,7,14,3,35.41,1,2,9,2.3,0,4,0.0,1,1,1,desconto_maior_que_pedido
2498,19,Sudeste,98,52498,522.78,1,4.84,9,2,2,38.94,1,1,1,7.4,0,3,6.2,1,1,1,atraso_maior_que_tempo_entrega
